<?xml version="1.0" encoding="UTF-8" standalone="yes"?>
<w:document xmlns:wpc="http://schemas.microsoft.com/office/word/2010/wordprocessingCanvas" xmlns:mc="http://schemas.openxmlformats.org/markup-compatibility/2006" xmlns:o="urn:schemas-microsoft-com:office:office" xmlns:r="http://schemas.openxmlformats.org/officeDocument/2006/relationships" xmlns:m="http://schemas.openxmlformats.org/officeDocument/2006/math" xmlns:v="urn:schemas-microsoft-com:vml" xmlns:wp14="http://schemas.microsoft.com/office/word/2010/wordprocessingDrawing" xmlns:wp="http://schemas.openxmlformats.org/drawingml/2006/wordprocessingDrawing" xmlns:w10="urn:schemas-microsoft-com:office:word" xmlns:w="http://schemas.openxmlformats.org/wordprocessingml/2006/main" xmlns:w14="http://schemas.microsoft.com/office/word/2010/wordml" xmlns:wpg="http://schemas.microsoft.com/office/word/2010/wordprocessingGroup" xmlns:wpi="http://schemas.microsoft.com/office/word/2010/wordprocessingInk" xmlns:wne="http://schemas.microsoft.com/office/word/2006/wordml" xmlns:wps="http://schemas.microsoft.com/office/word/2010/wordprocessingShape" mc:Ignorable="w14 wp14"><w:body><w:p w:rsidR="000C5BB8" w:rsidRPr="000C5BB8" w:rsidRDefault="000C5BB8"><w:r w:rsidRPr="000C5BB8"><w:rPr><w:rFonts w:hint="eastAsia"/><w:u w:val="single"/></w:rPr><w:t>学籍番号</w:t></w:r><w:bookmarkStart w:id="0" w:name="_GoBack"/><w:r w:rsidR="00DF6206"><w:rPr><w:rFonts w:hint="eastAsia"/><w:u w:val="single"/></w:rPr><w:t>20EE1903</w:t></w:r><w:bookmarkEnd w:id="0"/><w:r w:rsidRPr="000C5BB8"><w:rPr><w:rFonts w:hint="eastAsia"/><w:u w:val="single"/></w:rPr><w:t xml:space="preserve">　　　　　　　　　　　　</w:t></w:r><w:r><w:rPr><w:rFonts w:hint="eastAsia"/><w:u w:val="single"/></w:rPr><w:t xml:space="preserve">　</w:t></w:r><w:r><w:rPr><w:rFonts w:hint="eastAsia"/></w:rPr><w:t xml:space="preserve">　　　　</w:t></w:r><w:r w:rsidRPr="000C5BB8"><w:rPr><w:rFonts w:hint="eastAsia"/><w:u w:val="single"/></w:rPr><w:t>氏名</w:t></w:r><w:r w:rsidR="00DF6206"><w:rPr><w:rFonts w:hint="eastAsia"/><w:u w:val="single"/></w:rPr><w:t>小塚匠真</w:t></w:r><w:r w:rsidRPr="000C5BB8"><w:rPr><w:rFonts w:hint="eastAsia"/><w:u w:val="single"/></w:rPr><w:t xml:space="preserve">　　　　　　　　　　　　　　</w:t></w:r><w:r><w:rPr><w:rFonts w:hint="eastAsia"/></w:rPr><w:t xml:space="preserve">　</w:t></w:r></w:p><w:p w:rsidR="000C5BB8" w:rsidRDefault="000C5BB8"/><w:p w:rsidR="008F5B1A" w:rsidRDefault="008F5B1A"><w:r w:rsidRPr="008F5B1A"><w:rPr><w:rFonts w:hint="eastAsia"/></w:rPr><w:t xml:space="preserve">＊提出期限　</w:t></w:r><w:r w:rsidRPr="008F5B1A"><w:t>5月1</w:t></w:r><w:r w:rsidR="00672A0E"><w:rPr><w:rFonts w:hint="eastAsia"/></w:rPr><w:t>3</w:t></w:r><w:r w:rsidRPr="008F5B1A"><w:t>日（</w:t></w:r><w:r w:rsidR="006F2017"><w:rPr><w:rFonts w:hint="eastAsia"/></w:rPr><w:t>水</w:t></w:r><w:r w:rsidRPr="008F5B1A"><w:t xml:space="preserve">）　22：00　</w:t></w:r></w:p><w:p w:rsidR="008F5B1A" w:rsidRDefault="008F5B1A" w:rsidP="008F5B1A"><w:pPr><w:pStyle w:val="a5"/></w:pPr><w:r><w:rPr><w:rFonts w:hint="eastAsia"/></w:rPr><w:t>＊ファイル名を学籍番号、氏名にして提出すること</w:t></w:r></w:p><w:p w:rsidR="008F5B1A" w:rsidRDefault="008F5B1A"/><w:p w:rsidR="005D1C68" w:rsidRPr="008F5B1A" w:rsidRDefault="005D1C68"><w:r><w:rPr><w:rFonts w:hint="eastAsia"/></w:rPr><w:t>小レポート①</w:t></w:r></w:p><w:p w:rsidR="00672A0E" w:rsidRDefault="00672A0E" w:rsidP="000D6EF3"><w:pPr><w:pStyle w:val="a7"/><w:numPr><w:ilvl w:val="0"/><w:numId w:val="2"/></w:numPr><w:ind w:leftChars="0"/></w:pPr><w:r><w:rPr><w:rFonts w:hint="eastAsia"/></w:rPr><w:t>映像を見た感想（</w:t></w:r><w:r w:rsidR="006F2017"><w:rPr><w:rFonts w:hint="eastAsia"/></w:rPr><w:t>4</w:t></w:r><w:r><w:rPr><w:rFonts w:hint="eastAsia"/></w:rPr><w:t>00字程度）</w:t></w:r><w:r w:rsidR="000D6EF3"><w:rPr><w:rFonts w:hint="eastAsia"/></w:rPr><w:t xml:space="preserve">　</w:t></w:r><w:hyperlink r:id="rId8" w:history="1"><w:r w:rsidR="000D6EF3" w:rsidRPr="00AA6AF5"><w:rPr><w:rStyle w:val="a8"/></w:rPr><w:t>https://www.youtube.com/watch?v=Go_VhvKJq-w</w:t></w:r></w:hyperlink></w:p><w:p w:rsidR="00DC12C1" w:rsidRDefault="008E26A6" w:rsidP="00672A0E"><w:r><w:rPr><w:rFonts w:hint="eastAsia"/></w:rPr><w:t>この映像を見てやはり</w:t></w:r><w:r w:rsidR="00242907"><w:rPr><w:rFonts w:hint="eastAsia"/></w:rPr><w:t>命にかえられるものはなく、健康が第一</w:t></w:r><w:r><w:rPr><w:rFonts w:hint="eastAsia"/></w:rPr><w:t>なので部活動の大会の中止は仕方がないことだと思った。</w:t></w:r><w:r w:rsidR="00661C23"><w:rPr><w:rFonts w:hint="eastAsia"/></w:rPr><w:t>選手だけではなく観客などにも危険が及ぶと考えると大会は開催しにくいと思った。</w:t></w:r><w:r w:rsidR="00A50165"><w:rPr><w:rFonts w:hint="eastAsia"/></w:rPr><w:t>しかし受験生は</w:t></w:r><w:r w:rsidR="00DC12C1"><w:rPr><w:rFonts w:hint="eastAsia"/></w:rPr><w:t>受験の関係で映像の野球部のように夏の大会すらできなく、引退という形で終えてしまうのでそこがかわいそうだと思った。</w:t></w:r><w:r w:rsidR="00F541AE"><w:rPr><w:rFonts w:hint="eastAsia"/></w:rPr><w:t>自分たちは運よく最後の大会ができたけど自分がその立場だったら納得できなかったと思った。</w:t></w:r><w:r w:rsidR="00242907"><w:rPr><w:rFonts w:hint="eastAsia"/></w:rPr><w:t>もし今のこの状況が落ち着いて最後の大会ができなかった人たちで何か工夫をして三年間の集大成を披露できる場があるとすれば少しは気持ちにも整理がつくのではないかと思った。今は少しでも早く治まるように不要な外出などはしてはいけないと改めて思わされた。またこのようなことが起きることを想定してより迅速に対応できるようにしていかなければいけないと思った。</w:t></w:r></w:p><w:p w:rsidR="00672A0E" w:rsidRPr="00242907" w:rsidRDefault="00672A0E"/><w:p w:rsidR="00672A0E" w:rsidRDefault="00672A0E"/><w:p w:rsidR="00672A0E" w:rsidRDefault="00672A0E"/><w:p w:rsidR="005D1C68" w:rsidRPr="006F2017" w:rsidRDefault="005D1C68"/><w:p w:rsidR="00672A0E" w:rsidRDefault="00672A0E"/><w:p w:rsidR="00672A0E" w:rsidRDefault="00672A0E"/><w:p w:rsidR="00672A0E" w:rsidRDefault="00672A0E"><w:r><w:rPr><w:rFonts w:hint="eastAsia"/></w:rPr><w:t>１出身地（例：○○県○○市）</w:t></w:r></w:p><w:p w:rsidR="00672A0E" w:rsidRDefault="00672A0E"><w:r><w:rPr><w:rFonts w:hint="eastAsia"/></w:rPr><w:t>・</w:t></w:r><w:r w:rsidR="00661C23"><w:rPr><w:rFonts w:hint="eastAsia"/></w:rPr><w:t>愛知県一宮市</w:t></w:r></w:p><w:p w:rsidR="00672A0E" w:rsidRDefault="00672A0E"/><w:p w:rsidR="00672A0E" w:rsidRDefault="00672A0E"><w:r><w:rPr><w:rFonts w:hint="eastAsia"/></w:rPr><w:t>２経験したことのあるスポーツ（例：野球（部活動）、サッカー（少年団）など）</w:t></w:r></w:p><w:p w:rsidR="00672A0E" w:rsidRDefault="00672A0E"><w:r><w:rPr><w:rFonts w:hint="eastAsia"/></w:rPr><w:t>・</w:t></w:r><w:r w:rsidR="00661C23"><w:rPr><w:rFonts w:hint="eastAsia"/></w:rPr><w:t>サッカー</w:t></w:r></w:p><w:p w:rsidR="00672A0E" w:rsidRDefault="00672A0E"/><w:p w:rsidR="00672A0E" w:rsidRDefault="00672A0E"><w:r><w:rPr><w:rFonts w:hint="eastAsia"/></w:rPr><w:t>３この授業を選択した理由（例：興味がある、資格取得のためなど）</w:t></w:r></w:p><w:p w:rsidR="00672A0E" w:rsidRDefault="00672A0E"><w:r w:rsidRPr="00672A0E"><w:rPr><w:rFonts w:hint="eastAsia"/></w:rPr><w:t>・</w:t></w:r><w:r w:rsidR="00661C23"><w:rPr><w:rFonts w:hint="eastAsia"/></w:rPr><w:t>スポーツが好きだから</w:t></w:r></w:p><w:p w:rsidR="00672A0E" w:rsidRDefault="00672A0E"/><w:p w:rsidR="00672A0E" w:rsidRDefault="00672A0E"><w:r><w:rPr><w:rFonts w:hint="eastAsia"/></w:rPr><w:t>４その他（質問、どんなことを学びたいか等）</w:t></w:r></w:p><w:p w:rsidR="00672A0E" w:rsidRPr="00672A0E" w:rsidRDefault="00672A0E"><w:r><w:rPr><w:rFonts w:hint="eastAsia"/></w:rPr><w:t>・</w:t></w:r></w:p><w:sectPr w:rsidR="00672A0E" w:rsidRPr="00672A0E" w:rsidSect="00787762"><w:headerReference w:type="default" r:id="rId9"/><w:pgSz w:w="11906" w:h="16838"/><w:pgMar w:top="1985" w:right="1701" w:bottom="1701" w:left="1701" w:header="851" w:footer="992" w:gutter="0"/><w:cols w:space="425"/><w:docGrid w:type="lines" w:linePitch="360"/></w:sectPr></w:body></w:document>