<?xml version="1.0" encoding="UTF-8" standalone="yes"?>
<w:fonts xmlns:mc="http://schemas.openxmlformats.org/markup-compatibility/2006" xmlns:r="http://schemas.openxmlformats.org/officeDocument/2006/relationships" xmlns:w="http://schemas.openxmlformats.org/wordprocessingml/2006/main" xmlns:w14="http://schemas.microsoft.com/office/word/2010/wordml" mc:Ignorable="w14"><w:font w:name="游明朝"><w:panose1 w:val="02020400000000000000"/><w:charset w:val="80"/><w:family w:val="roman"/><w:pitch w:val="variable"/><w:sig w:usb0="800002E7" w:usb1="2AC7FCFF" w:usb2="00000012" w:usb3="00000000" w:csb0="0002009F" w:csb1="00000000"/></w:font><w:font w:name="Times New Roman"><w:panose1 w:val="02020603050405020304"/><w:charset w:val="00"/><w:family w:val="roman"/><w:pitch w:val="variable"/><w:sig w:usb0="E0002EFF" w:usb1="C000785B" w:usb2="00000009" w:usb3="00000000" w:csb0="000001FF" w:csb1="00000000"/></w:font><w:font w:name="Wingdings"><w:panose1 w:val="05000000000000000000"/><w:charset w:val="02"/><w:family w:val="auto"/><w:pitch w:val="variable"/><w:sig w:usb0="00000000" w:usb1="10000000" w:usb2="00000000" w:usb3="00000000" w:csb0="80000000" w:csb1="00000000"/></w:font><w:font w:name="游ゴシック Light"><w:panose1 w:val="020B0300000000000000"/><w:charset w:val="80"/><w:family w:val="modern"/><w:pitch w:val="variable"/><w:sig w:usb0="E00002FF" w:usb1="2AC7FDFF" w:usb2="00000016" w:usb3="00000000" w:csb0="0002009F" w:csb1="00000000"/></w:font></w:fonts>