<?xml version="1.0" encoding="UTF-8" standalone="yes"?>
<w:hdr xmlns:wpc="http://schemas.microsoft.com/office/word/2010/wordprocessingCanvas" xmlns:mc="http://schemas.openxmlformats.org/markup-compatibility/2006" xmlns:o="urn:schemas-microsoft-com:office:office" xmlns:r="http://schemas.openxmlformats.org/officeDocument/2006/relationships" xmlns:m="http://schemas.openxmlformats.org/officeDocument/2006/math" xmlns:v="urn:schemas-microsoft-com:vml" xmlns:wp14="http://schemas.microsoft.com/office/word/2010/wordprocessingDrawing" xmlns:wp="http://schemas.openxmlformats.org/drawingml/2006/wordprocessingDrawing" xmlns:w10="urn:schemas-microsoft-com:office:word" xmlns:w="http://schemas.openxmlformats.org/wordprocessingml/2006/main" xmlns:w14="http://schemas.microsoft.com/office/word/2010/wordml" xmlns:wpg="http://schemas.microsoft.com/office/word/2010/wordprocessingGroup" xmlns:wpi="http://schemas.microsoft.com/office/word/2010/wordprocessingInk" xmlns:wne="http://schemas.microsoft.com/office/word/2006/wordml" xmlns:wps="http://schemas.microsoft.com/office/word/2010/wordprocessingShape" mc:Ignorable="w14 wp14"><w:p w:rsidR="0016372C" w:rsidRDefault="0016372C" w:rsidP="0016372C"><w:pPr><w:pStyle w:val="a3"/><w:jc w:val="right"/></w:pPr><w:r><w:rPr><w:rFonts w:hint="eastAsia"/></w:rPr><w:t>スポーツ</w:t></w:r><w:r w:rsidR="00672A0E"><w:rPr><w:rFonts w:hint="eastAsia"/></w:rPr><w:t>と地域社会</w:t></w:r><w:r><w:rPr><w:rFonts w:hint="eastAsia"/></w:rPr><w:t>①</w:t></w:r></w:p><w:p w:rsidR="0016372C" w:rsidRDefault="0016372C" w:rsidP="0016372C"><w:pPr><w:pStyle w:val="a3"/><w:jc w:val="right"/></w:pPr><w:r><w:rPr><w:rFonts w:hint="eastAsia"/></w:rPr><w:t>2020.05.</w:t></w:r><w:r w:rsidR="00672A0E"><w:rPr><w:rFonts w:hint="eastAsia"/></w:rPr><w:t>13</w:t></w:r></w:p><w:p w:rsidR="0016372C" w:rsidRDefault="0016372C"><w:pPr><w:pStyle w:val="a3"/></w:pPr></w:p></w:hdr>